SEASON,NAME,AGE,EARNINGS,CUP,EVNTS,RNDS,CUTS,TOP10,WINS,SCORE,DDIS,DACC,GIR,PUTTS,SAND,BIRDS
2022,Matt Every,39,"$7,659",2,8,0,1,0,0,0,0,0,0,0,0,0
2022,Kevin Stadler,43,"$7,955",2,11,0,1,0,0,0,0,0,0,0,0,0
2022,Brian Davis,49,"$8,177",3,7,0,1,0,0,0,0,0,0,0,0,0
2023,Richard S. Johnson,47,"$8,208",2,6,0,1,0,0,0,0,0,0,0,0,0
2023,Bo Van Pelt,48,"$11,172",6,7,0,1,0,0,0,0,0,0,0,0,0
2022,John Senden,52,"$13,650",3,3,0,1,0,0,0,0,0,0,0,0,0
2023,Scott Gutschewski,47,"$14,690",5,1,0,1,0,0,0,0,0,0,0,0,0
2022,Omar Uresti,55,"$14,910",4,5,0,1,0,0,0,0,0,0,0,0,0
2022,Davis Love III,59,"$15,048",3,7,0,1,0,0,0,0,0,0,0,0,0
2022,Richard S. Johnson,47,"$15,725",5,8,0,2,0,0,0,0,0,0,0,0,0
2022,Jay Haas,69,"$16,185",3,1,0,0,0,0,0,0,0,0,0,0,0
2022,Ryuji Imada,47,"$16,318",2,4,0,1,0,0,0,0,0,0,0,0,0
2023,Arjun Atwal,50,"$16,367",8,10,0,1,0,0,0,0,0,0,0,0,0
2022,Paul Goydos,59,"$16,800",5,1,0,1,0,0,0,0,0,0,0,0,0
2022,George McNeill,48,"$16,800",5,5,0,1,0,0,0,0,0,0,0,0,0
2023,George McNeill,48,"$16,834",6,6,0,2,0,0,0,0,0,0,0,0,0
2022,Morgan Hoffmann,34,"$17,513",3,3,0,2,0,0,0,0,0,0,0,0,0
2022,John Merrick,41,"$19,502",4,9,0,2,0,0,0,0,0,0,0,0,0
2022,Arjun Atwal,50,"$21,150",5,7,0,2,0,0,0,0,0,0,0,0,0
2023,Kevin Stadler,43,"$21,318",4,9,0,2,0,0,0,0,0,0,0,0,0
2023,Mike Weir,53,"$21,438",7,2,0,1,0,0,0,0,0,0,0,0,0
2022,Sangmoon Bae,37,"$23,357",9,8,0,2,0,0,0,0,0,0,0,0,0
2022,Derek Ernst,33,"$25,057",9,7,0,2,0,0,0,0,0,0,0,0,0
2022,Jim Furyk,53,"$27,375",12,3,0,1,0,0,0,0,0,0,0,0,0
2022,Johnson Wagner,43,"$35,205",12,6,0,2,0,0,0,0,0,0,0,0,0
2022,D.J. Trahan,42,"$35,292",11,10,0,3,0,0,0,0,0,0,0,0,0
2022,Padraig Harrington,52,"$37,464",12,6,0,1,0,0,0,0,0,0,0,0,0
2022,Fabián Gómez,45,"$40,401",20,8,0,3,0,0,0,0,0,0,0,0,0
2022,Ben Crane,47,"$40,658",10,10,0,3,0,0,0,0,0,0,0,0,0
2022,J.J. Henry,48,"$41,727",9,8,0,3,0,0,0,0,0,0,0,0,0
2022,Tiger Woods,47,"$43,500",11,3,0,1,0,0,0,0,0,0,0,0,0
2022,D.A. Points,46,"$45,522",13,11,0,4,0,0,0,0,0,0,0,0,0
2023,Fred Couples,64,"$46,080",9,1,0,1,0,0,0,0,0,0,0,0,0
2023,Ernie Els,54,"$46,200",6,2,0,1,0,0,0,0,0,0,0,0,0
2023,Robert Garrigus,46,"$48,425",0,9,0,1,0,0,0,0,0,0,0,0,0
2022,Ryan Blaum,40,"$48,910",27,2,0,1,0,0,0,0,0,0,0,0,0
2023,Derek Lamely,43,"$52,205",26,9,0,2,0,0,0,0,0,0,0,0,0
2023,Derek Ernst,33,"$52,898",27,11,0,2,0,0,0,0,0,0,0,0,0
2023,Philip Knowles,26,"$53,421",18,9,0,3,0,0,0,0,0,0,0,0,0
2023,Sangmoon Bae,37,"$57,871",12,8,0,3,0,0,0,0,0,0,0,0,0
2023,Jerry Kelly,56,"$58,000",7,2,0,1,0,0,0,0,0,0,0,0,0
2023,J.B. Holmes,41,"$58,884",7,10,0,2,0,0,0,0,0,0,0,0,0
2023,Tiger Woods,47,"$59,560",11,2,0,1,0,0,0,0,0,0,0,0,0
2022,Greg Chalmers,50,"$62,549",32,10,0,4,0,0,0,0,0,0,0,0,0
2022,David Hearn,44,"$66,239",28,12,0,4,0,0,0,0,0,0,0,0,0
2023,Ben Crane,47,"$71,025",13,14,0,5,0,0,0,0,0,0,0,0,0
2023,Scott Brown,40,"$78,995",26,16,0,5,0,0,0,0,0,0,0,0,0
2022,Ricky Barnes,42,"$83,169",39,11,0,4,0,0,0,0,0,0,0,0,0
2023,D.A. Points,46,"$83,872",9,11,0,2,0,0,0,0,0,0,0,0,0
2023,Kyle Stanley,36,"$84,721",11,18,0,4,0,0,0,0,0,0,0,0,0
2023,Anders Albertson,30,"$87,639",34,9,0,4,0,0,0,0,0,0,0,0,0
2023,Greg Chalmers,50,"$88,172",28,15,0,6,0,0,0,0,0,0,0,0,0
2023,D.J. Trahan,42,"$92,850",7,10,0,3,0,0,0,0,0,0,0,0,0
2022,Chris Stroud,41,"$95,402",44,12,0,4,0,0,0,0,0,0,0,0,0
2022,Mark Hensby,51,"$97,356",40,5,0,1,1,0,0,0,0,0,0,0,0
2023,Ted Potter Jr.,40,"$112,208",37,11,0,5,0,0,0,0,0,0,0,0,0
2023,Scottie Scheffler,27,"$21,014,342",4218,23,88,23,17,2,68.3,310.3,62.1,74.4,1.735,44.2,4.409
2023,Jon Rahm,29,"$16,522,608",3486,20,71,18,10,4,68.8,314,57.7,70.5,1.711,49.5,4.493
2023,John Huh,33,"$121,256",45,8,0,4,0,0,0,0,0,0,0,0,0
2023,Viktor Hovland,26,"$14,112,235",4024,23,88,23,9,3,68.9,307.6,63.7,68.2,1.716,58.3,4.409
2022,Scottie Scheffler,27,"$14,046,910",-20,25,84,20,11,4,68.9,311.6,60,72.3,1.72,49.5,4.595
2023,Tommy Gainey,48,"$137,388",46,16,0,4,0,0,0,0,0,0,0,0,0
2022,Phil Mickelson,53,"$140,608",44,6,0,2,0,0,0,0,0,0,0,0,0
2022,Peter Uihlein,34,"$142,276",62,15,0,7,0,0,0,0,0,0,0,0,0
2023,Fabián Gómez,45,"$143,701",55,10,0,3,0,0,0,0,0,0,0,0,0
2023,Rory Sabbatini,47,"$149,009",55,14,0,2,0,0,0,0,0,0,0,0,0
2022,Bo Van Pelt,48,"$161,157",69,16,0,6,0,0,0,0,0,0,0,0,0
2023,Brandt Snedeker,42,"$167,113",35,11,0,6,0,0,0,0,0,0,0,0,0
2023,Rory McIlroy,34,"$13,921,008",3494,18,64,16,13,2,68.9,326.3,53.3,67.9,1.73,50.6,4.297
2023,Bill Haas,41,"$170,817",65,12,0,5,0,0,0,0,0,0,0,0,0
2023,Geoff Ogilvy,46,"$173,140",63,12,0,5,0,0,0,0,0,0,0,0,0
2022,Michael Kim,30,"$183,150",84,5,0,2,1,0,0,0,0,0,0,0,0
2023,Sebastián Muñoz,30,"$183,818",59,7,0,5,0,0,0,0,0,0,0,0,0
2022,Henrik Stenson,47,"$184,439",78,13,0,3,0,0,0,0,0,0,0,0,0
2023,Max Homa,33,"$10,761,517",2871,25,86,21,13,2,69.2,304.8,60.1,66.9,1.699,55.6,4.337
2022,Robert Garrigus,46,"$185,879",79,14,0,5,0,0,0,0,0,0,0,0,0
2023,Nicholas Lindheim,39,"$187,577",29,6,0,4,0,0,0,0,0,0,0,0,0
2022,Kyle Stanley,36,"$188,048",80,18,0,4,0,0,0,0,0,0,0,0,0
2023,Wyndham Clark,29,"$10,757,490",2157,28,102,24,8,2,69.4,313.5,54.9,67.8,1.727,56.5,4.108
2023,Ricky Barnes,42,"$190,721",67,16,0,3,1,0,0,0,0,0,0,0,0
2022,Bronson Burgoon,36,"$192,026",80,13,0,5,0,0,0,0,0,0,0,0,0
2022,Aaron Baddeley,42,"$199,830",96,13,0,6,0,0,0,0,0,0,0,0,0
2023,Patrick Cantlay,31,"$10,372,998",2843,21,72,18,10,0,68.8,308.6,65.5,69.8,1.723,47.3,4.5
2022,Brian Gay,51,"$203,278",90,18,0,4,0,0,0,0,0,0,0,0,0
2022,Jimmy Walker,44,"$210,827",83,14,0,6,0,0,0,0,0,0,0,0,0
2022,Cameron Smith,30,"$10,107,897",-9,18,62,14,7,3,68.9,299.7,57.5,68,1.679,52.2,4.629
2022,Will Zalatoris,27,"$9,405,082",3680,24,76,17,9,1,69.6,314.7,55.4,70.9,1.734,49,4.316
2022,Grayson Murray,30,"$218,304",70,12,0,4,0,0,0,0,0,0,0,0,0
2023,Brian Gay,51,"$219,638",67,15,0,4,0,0,0,0,0,0,0,0,0
2022,David Lingmerth,36,"$229,256",80,14,0,9,0,0,0,0,0,0,0,0,0
2022,Scott Brown,40,"$238,839",111,14,0,7,0,0,0,0,0,0,0,0,0
2023,Jonas Blixt,39,"$241,393",91,14,0,5,0,0,0,0,0,0,0,0,0
2022,Patrick Cantlay,31,"$9,369,605",-16,20,68,17,12,2,69,308,60.6,69.3,1.732,57.7,4.441
2022,Tommy Gainey,48,"$252,536",105,15,0,3,1,0,0,0,0,0,0,0,0
2023,Brian Harman,36,"$9,175,262",2339,28,93,20,7,1,69.3,293.6,66.8,67.6,1.743,64.5,3.882
2023,Keegan Bradley,37,"$9,010,040",1933,24,82,19,6,2,69.8,305.6,58.5,67.1,1.732,46.6,4.171
2022,Rory McIlroy,34,"$8,654,566",-21,16,60,14,10,3,68.9,321.3,58.1,69.9,1.739,61.6,4.533
2023,Xander Schauffele,30,"$8,459,066",1866,23,81,21,11,0,69.1,304.1,57.5,68.4,1.717,56.1,4.21
2023,Tyrrell Hatton,32,"$8,336,912",1509,21,78,20,7,0,69.4,306.5,59.4,66.4,1.719,51.3,4.064
2022,Ryan Moore,40,"$282,801",130,16,0,8,0,0,0,0,0,0,0,0,0
2023,Matt Fitzpatrick,29,"$8,144,543",2043,23,73,16,6,1,70,304.1,56.6,65.1,1.741,57.3,3.74
2023,Rickie Fowler,34,"$7,864,161",1885,26,96,24,8,1,69.4,308.1,58.5,68.1,1.725,55,4.156
2023,Tom Kim,21,"$7,774,918",1814,27,90,21,9,2,69.2,297.6,67.5,69.5,1.725,45.5,4.222
2023,Collin Morikawa,26,"$7,573,198",1609,25,81,18,7,1,69.2,296.2,68,71,1.742,53.3,4.21
2022,Xander Schauffele,30,"$7,427,299",-18,21,72,18,7,3,68.9,308.5,62.2,70.5,1.725,64.9,4.319
2023,Sahith Theegala,25,"$7,284,670",1494,31,106,25,8,1,69.9,304.9,52.8,64.9,1.708,55,4.208
2022,Harris English,34,"$305,923",91,12,0,5,0,0,0,0,0,0,0,0,0
2022,Tyler McCumber,30,"$307,005",113,11,0,2,1,0,0,0,0,0,0,0,0
2023,Jordan Spieth,30,"$7,240,044",1506,22,72,16,7,0,70.1,303.6,56.8,64,1.742,58.6,3.806
2023,Sam Burns,27,"$7,139,050",1561,26,81,18,6,1,70,311.4,56.6,63.6,1.724,56.6,3.864
2022,Sam Burns,27,"$7,073,986",-7,24,80,17,8,3,69.4,309.6,55.4,68.7,1.721,49.6,4.325
2022,Matt Fitzpatrick,29,"$7,012,672",-11,20,70,17,10,1,69.5,303.8,63.4,66.8,1.787,63.9,3.686
2023,Danny Lee,33,"$316,795",112,11,0,6,0,0,0,0,0,0,0,0,0
2023,Jason Day,36,"$6,922,758",1574,24,80,18,8,1,69.6,304.2,61.7,66.7,1.736,52.5,4.025
2023,Kurt Kitayama,30,"$6,840,062",1300,25,72,14,4,1,70.7,306.2,51.5,63.3,1.771,52.8,3.611
2022,Justin Thomas,30,"$6,829,576",-17,21,76,19,10,1,68.8,314.3,54.8,68.3,1.718,62.7,4.579
2023,Kevin Kisner,39,"$335,671",70,18,0,8,0,0,0,0,0,0,0,0,0
2023,Denny McCarthy,30,"$6,760,012",1454,30,100,23,8,0,69.4,295.5,61.5,66.9,1.732,54.9,3.87
2023,Sungjae Im,25,"$6,665,921",1780,31,104,24,9,0,69.4,299.3,63,66.5,1.74,61.9,4.125
2022,Sean O'Hair,41,"$345,547",146,13,0,6,1,0,0,0,0,0,0,0,0
2023,Brendan Steele,40,"$350,609",133,10,0,5,0,0,0,0,0,0,0,0,0
2022,Cameron Young,26,"$6,520,598",-10,25,82,18,7,0,69.6,319.3,58.7,64.9,1.728,48.2,4.415
2023,Tommy Fleetwood,32,"$6,510,641",1967,21,74,18,9,0,69.4,302.3,61.8,64.6,1.713,57.9,3.946
2023,Lucas Glover,44,"$6,399,296",3041,30,100,19,5,2,69.9,294.9,68.9,70.5,1.753,54.3,4.04
2023,Russell Henley,34,"$6,332,282",1948,25,84,19,5,1,69.3,290.9,72.6,69.5,1.749,46.4,3.976
2023,Nick Taylor,35,"$6,242,461",1633,30,93,19,6,1,69.8,293.7,58.5,65.6,1.717,50,4
2022,Tony Finau,34,"$6,117,886",-15,25,86,20,7,2,69.2,308,58,71.3,1.752,51.1,4.221
2023,Tony Finau,34,"$5,867,652",1744,24,84,20,5,2,69.5,304.2,60.7,69.1,1.755,50.5,4.155
2023,Jhonattan Vegas,39,"$375,361",112,7,0,4,0,0,0,0,0,0,0,0,0
2022,Hideki Matsuyama,31,"$5,776,298",-13,21,72,17,6,2,69.5,304.7,59.4,68.3,1.745,54.9,4.181
2023,Harris English,34,"$5,600,689",1201,30,97,21,5,0,70.1,297.3,62.1,64.6,1.769,48.6,3.546
2022,Sungjae Im,25,"$5,567,974",-20,26,88,21,9,1,69.2,303.7,65.5,70.8,1.762,56.9,3.989
2023,Corey Conners,31,"$5,545,721",1688,25,86,20,5,1,69.7,300.6,61.4,70.2,1.757,47.2,3.953
2023,Emiliano Grillo,31,"$5,476,302",1543,33,113,23,8,1,70.1,301.3,61.4,68,1.751,47.2,3.912
2023,Eric Cole,35,"$5,457,030",1175,37,126,27,7,0,69.1,299,54.3,65.9,1.691,54.9,4.397
2023,Si Woo Kim,28,"$5,397,030",1672,30,100,23,5,1,69.9,296.9,67.8,65.9,1.75,59.1,3.81
2023,Cameron Young,26,"$5,392,961",1181,24,86,21,5,0,69.9,315.7,59.1,69,1.755,43.8,4.337
2022,William McGirt,44,"$412,275",144,17,0,7,1,0,0,0,0,0,0,0,0
2022,Max Homa,33,"$5,289,842",-17,24,82,20,5,2,69.9,306.3,60.6,66,1.747,51.6,3.939
2023,Erik Barnes,36,"$422,239",149,15,0,5,1,0,0,0,0,0,0,0,0
2023,Sepp Straka,30,"$5,287,574",1503,28,92,20,5,1,70.2,299.5,64.5,68.2,1.743,43.8,3.88
2022,Jon Rahm,29,"$5,248,220",-11,19,70,18,8,1,69.6,318.9,62.5,71.6,1.768,40.8,4.171
2023,Grayson Murray,30,"$437,066",172,13,0,4,2,0,0,0,0,0,0,0,0
2023,Michael Thompson,38,"$438,817",139,15,0,8,0,0,0,0,0,0,0,0,0
2023,Taylor Moore,30,"$5,077,211",1669,31,101,20,4,1,70.3,307.1,55.9,64.1,1.77,48.6,3.653
2022,Joaquin Niemann,25,"$5,076,060",-13,24,80,19,5,1,69.5,309.1,56.7,67.9,1.729,55.2,4.15
2023,Luke Donald,45,"$456,642",127,15,0,8,0,0,0,0,0,0,0,0,0
2022,Jordan Spieth,30,"$5,018,444",-12,22,74,17,6,1,69.7,308.4,56,67.4,1.748,51.4,4.068
2023,Cam Davis,28,"$5,001,208",1072,29,91,18,8,0,69.6,311,55.4,67.8,1.763,55.7,3.967
2023,Adam Schenk,31,"$4,987,135",1620,36,119,23,7,0,69.9,305.6,55.2,67.7,1.786,52.4,3.681
2022,Billy Horschel,36,"$4,940,600",-8,22,70,16,5,1,69.8,297.3,65.1,68.2,1.768,56.3,3.8
2022,Viktor Hovland,26,"$4,868,461",-11,21,70,17,5,1,69.7,308.4,61.9,67,1.731,45.5,4.371
2022,Ben Martin,36,"$491,882",197,16,0,7,1,0,0,0,0,0,0,0,0
2023,Adam Svensson,29,"$4,844,402",1280,35,122,28,4,1,69.7,296.2,63.8,67.9,1.759,53.9,3.943
2022,Collin Morikawa,26,"$4,837,271",-8,19,60,14,8,0,69.6,301.8,65.3,68.6,1.746,47.2,4.033
2022,Andrew Landry,36,"$498,700",191,15,0,2,2,0,0,0,0,0,0,0,0
2023,Tom Hoge,34,"$4,723,610",1113,33,104,22,4,0,69.9,295.9,59.2,67.4,1.729,46,4.106
2022,Sepp Straka,30,"$4,722,434",-16,33,98,19,5,1,70.8,303,59.9,66.6,1.784,50,3.561
2023,Adam Hadwin,36,"$4,713,995",1156,28,88,19,6,0,69.8,295.7,63.4,67.6,1.739,52.1,3.886
2022,Bryson DeChambeau,30,"$519,928",134,8,0,4,1,0,0,0,0,0,0,0,0
2023,Justin Rose,43,"$4,635,120",1412,20,68,14,5,1,69.7,295.2,62.7,65.8,1.728,65.9,4.015
2023,Padraig Harrington,52,"$528,807",133,8,0,7,1,0,0,0,0,0,0,0,0
2023,Andrew Putnam,34,"$4,459,264",1309,33,111,25,6,0,69.6,284.7,64.4,69.7,1.765,59.3,3.73
2023,Mackenzie Hughes,32,"$4,318,591",911,30,89,17,4,1,70.2,299.5,55.3,65.6,1.738,45.3,3.775
2022,Tom Hoge,34,"$4,310,046",-14,32,96,19,6,1,69.9,298.1,61.6,66.3,1.757,52,3.917
2023,Chris Kirk,38,"$4,150,252",1476,29,92,19,4,1,69.9,296.4,61.4,66.7,1.743,59.8,3.739
2023,Brendon Todd,38,"$3,935,870",1075,31,104,22,7,0,69.6,282,67.9,66.2,1.718,60.4,4.048
2023,Francesco Molinari,41,"$566,848",121,18,0,6,0,0,0,0,0,0,0,0,0
2022,Scott Stallings,38,"$3,933,593",3,31,96,17,7,0,69.9,306,54.8,65.4,1.739,55.1,3.948
2022,Corey Conners,31,"$3,876,590",-3,25,87,20,4,0,69.7,302.7,66.8,71.9,1.782,45.6,3.862
2023,Dean Burmester,34,"$576,165",212,8,0,8,1,0,0,0,0,0,0,0,0
2023,Hideki Matsuyama,31,"$3,874,772",942,26,87,20,2,0,69.9,297.2,59.5,66.9,1.754,54.7,3.839
2023,Matt Kuchar,45,"$3,840,222",714,27,91,20,6,0,69.6,294.4,63.3,67.9,1.748,68,3.846
2023,Séamus Power,36,"$3,792,807",1185,26,82,18,3,1,70.3,300,58.7,65.4,1.729,45.9,3.854
2022,Kevin Kisner,39,"$3,757,424",1095,24,66,12,5,0,70.2,290.4,65.5,67.2,1.752,49.5,3.833
2023,Lee Hodges,28,"$3,749,468",1187,34,107,20,3,1,70.3,300.3,60.1,65.5,1.767,47.9,3.383
2022,Talor Gooch,32,"$3,718,990",1302,22,71,16,4,1,69.5,304.4,61.9,69.3,1.733,58.9,4.099
2022,Bubba Watson,45,"$610,649",199,9,0,5,1,0,0,0,0,0,0,0,0
2023,J.T. Poston,30,"$3,699,409",1193,31,100,21,8,0,69.6,297,60.5,68.8,1.735,55.5,3.97
2022,Keegan Bradley,37,"$3,623,137",946,25,80,18,6,0,70.2,307.5,59.8,66.2,1.754,47.7,3.788
2022,Shane Lowry,36,"$3,616,679",1222,18,58,14,4,0,69.7,306.9,61.4,67.9,1.767,67.1,3.69
2023,Beau Hossler,28,"$3,586,109",826,34,110,24,5,0,69.7,305.3,57.6,66.9,1.733,52.5,3.891
2023,Justin Thomas,30,"$3,566,403",608,21,72,15,4,0,70.4,308.5,55.2,65.7,1.768,50,4
2022,Aaron Wise,27,"$3,454,521",-12,24,86,19,4,0,69.4,308.3,59.2,69.1,1.748,43,4.07
2022,K.H. Lee,32,"$3,347,180",-1,28,98,21,2,1,70.2,302.5,62.2,65.8,1.755,53.4,3.704
2023,Adam Scott,43,"$3,329,394",597,19,68,17,5,0,69.8,313,53.3,65.8,1.714,57.4,4.294
2022,J.T. Poston,30,"$3,292,443",-11,30,88,15,4,1,69.8,298.2,59.4,66.7,1.771,53.3,3.716
2023,Byeong Hun An,32,"$3,231,760",1159,31,105,23,4,0,69.7,315.6,52.2,64.1,1.726,61.3,3.981
2022,Brian Harman,36,"$3,226,839",-8,27,91,21,6,0,69.9,292.2,66.6,67.1,1.776,61.9,3.516
2022,Davis Riley,26,"$3,190,793",1150,29,94,19,6,0,69.9,307.6,61.9,67,1.727,47.8,4.149
2023,Ludvig Åberg,24,"$3,144,994",254,13,50,12,4,1,68.3,317.1,65.5,73.3,1.712,46.8,4.76
2023,Alex Smalley,27,"$3,128,514",880,33,112,23,4,0,69.9,303,58.8,69.3,1.767,54,3.732
2023,Vince Whaley,28,"$706,130",22,14,0,10,1,0,0,0,0,0,0,0,0
2022,Sahith Theegala,25,"$3,124,668",1,32,113,26,5,0,70,304.3,54,66.5,1.758,45.2,3.832
2022,Séamus Power,36,"$3,100,241",1006,26,78,16,5,0,69.7,301,61.8,68.7,1.753,52.8,3.949
2022,Anirban Lahiri,36,"$3,084,598",642,24,72,12,3,0,70.6,298.2,61.9,64.9,1.767,50,3.486
2023,Taylor Montgomery,28,"$3,079,378",889,32,102,22,5,0,69.7,303.8,54.4,63,1.667,51.9,4.373
2023,Justin Suh,26,"$3,075,821",548,35,114,28,4,0,70.1,299.4,63.4,66.3,1.726,46.5,4.167
2022,Keith Mitchell,31,"$3,068,341",1063,26,86,20,6,0,69.5,311.8,61.8,67.6,1.777,54.6,4.058
2023,Mito Pereira,28,"$789,784",236,6,0,5,1,0,0,0,0,0,0,0,0
2022,Ryan Brehm,37,"$806,039",359,17,0,5,1,1,0,0,0,0,0,0,0
2023,Keith Mitchell,31,"$3,062,484",742,30,94,21,5,0,70.2,313.7,63.3,67.7,1.755,51.7,3.872
2023,J.J. Spaun,33,"$3,060,779",764,32,102,24,4,0,69.6,298.8,63.7,70.5,1.773,56.2,3.843
2022,Cameron Tringale,36,"$3,050,519",974,29,92,19,5,0,70.3,301.9,58.6,67.5,1.765,41.4,3.761
2023,Luke List,38,"$3,029,125",309,32,100,19,1,1,70.2,311.3,54.5,70.8,1.781,43.4,3.93
2023,Patrick Rodgers,31,"$3,026,193",1011,33,102,20,5,0,70,308.8,54.1,65.6,1.755,55.1,3.706
2022,J.J. Spaun,33,"$2,951,152",1177,29,95,19,3,1,70.3,294.7,64.1,67,1.752,44.1,3.811
2023,Sam Ryder,33,"$2,946,215",767,35,111,21,5,0,69.8,294.3,57.1,66.8,1.705,47.6,4.198
2023,Mark Hubbard,34,"$2,932,685",711,39,116,22,6,0,69.9,292.6,61.2,68.2,1.751,52.7,3.845
2023,Hayden Buckley,27,"$2,929,779",779,28,84,15,4,0,70.3,304.4,65.1,68.7,1.77,45.9,3.488
2022,Adam Scott,43,"$2,913,198",-4,20,72,18,5,0,70.1,312.4,55.3,67.7,1.742,52.7,4.014
2023,Ben Griffin,27,"$2,897,799",747,37,119,25,3,0,69.6,300.1,56,66.9,1.733,58.9,4.042
2023,K.H. Lee,32,"$2,883,904",567,33,107,22,4,0,70,300.7,59.6,68.6,1.762,52.1,3.813
2022,Denny McCarthy,30,"$2,882,771",1111,29,100,22,5,0,69.8,291.6,64.5,65.3,1.744,57.7,3.62
2022,Tommy Fleetwood,32,"$2,874,008",766,17,56,14,5,0,69.8,301.5,59.4,65.7,1.754,62.2,3.768
2023,Davis Riley,26,"$2,856,707",812,35,102,19,2,1,70.5,305.9,58.9,66,1.753,38.9,3.902
2022,Tyrrell Hatton,32,"$2,849,792",972,19,64,16,3,0,70.2,305.7,54.6,64.1,1.728,58.9,3.875
2023,Nick Hardy,27,"$2,845,184",902,37,118,25,2,1,70,309.2,57.3,69.1,1.75,49.1,3.932
2022,Russell Henley,34,"$2,837,505",1002,22,78,19,4,0,69.5,298.7,67.5,70.9,1.738,39.1,4.205
2022,Mito Pereira,28,"$2,797,925",962,27,89,18,3,0,69.9,303.9,60.4,69.6,1.765,47.1,3.753
2022,Luke List,38,"$2,734,720",957,28,80,15,3,1,70.5,314.8,55.1,69.7,1.807,47.6,3.663
2022,Maverick McNealy,28,"$2,689,754",1111,27,88,22,4,0,69.8,307.4,57.9,66.8,1.721,48.6,4.102
2023,Brandon Wu,26,"$2,622,608",829,35,115,23,3,0,69.8,295.7,61.6,68.6,1.736,42.1,3.983
2023,Alex Noren,41,"$2,591,982",437,29,92,19,4,0,70,300.2,54.9,66.2,1.76,54.1,3.641
2023,Shane Lowry,36,"$2,588,707",563,18,62,15,1,0,70.4,303.8,64,66.3,1.768,52.7,3.484
2022,Adam Hadwin,36,"$2,574,396",777,26,90,20,5,0,70.1,297.2,63.7,67.8,1.763,59.2,3.822
2022,Lucas Herbert,27,"$2,558,440",1004,20,54,10,2,1,71.3,307.3,50.8,57.8,1.73,63.7,3.741
2022,Kurt Kitayama,30,"$2,547,912",1015,24,70,11,3,0,70.5,310.8,51.9,65.8,1.754,54.4,3.814
2022,Sebastián Muñoz,30,"$2,545,121",901,25,83,18,3,0,70.2,303.7,62,66.5,1.781,55.1,3.771
2022,Brendan Steele,40,"$2,531,909",783,23,73,14,4,0,70.4,307.8,61.4,69.3,1.802,45.2,3.438
2023,Aaron Wise,27,"$1,020,174",289,15,0,8,1,0,0,0,0,0,0,0,0
2023,Thomas Detry,30,"$2,481,116",870,29,99,22,3,0,69.9,307.7,57.8,65.2,1.735,55.7,4.02
2023,Stephan Jaeger,34,"$2,478,083",860,33,122,30,2,0,69.4,306.1,57.9,70.5,1.755,53.1,4.057
2023,Austin Eckroat,24,"$2,476,429",594,32,98,17,4,0,69.9,301.1,64.3,67.3,1.769,48.4,3.755
2023,Aaron Rai,28,"$2,470,341",704,32,105,21,3,0,69.8,294.1,68.7,69.6,1.766,39.1,3.848
2023,Zac Blair,33,"$2,469,218",465,28,78,11,2,0,70.2,281.6,68.1,66.5,1.753,53.3,3.718
2023,S.H. Kim,25,"$2,464,522",546,36,111,21,2,0,70.3,308.7,56.5,63.4,1.739,59.2,3.838
2023,Erik van Rooyen,33,"$2,457,390",275,29,78,13,4,1,70.4,304.9,58.1,68.4,1.743,43.9,4.077
2023,Matt NeSmith,30,"$2,410,629",662,33,99,19,4,0,70.3,297.1,62.3,69.5,1.781,51.4,3.606
2022,Chris Kirk,38,"$2,408,913",725,25,84,17,4,0,70.1,300.1,64.5,66.1,1.774,56,3.56
2023,Akshay Bhatia,21,"$2,346,959",435,26,84,19,5,1,69.5,304.9,63.9,70.6,1.761,56.4,4.25
2022,Jason Kokrak,38,"$2,339,960",801,19,61,14,1,1,70.4,309.2,61.3,65.3,1.764,55.4,3.721
2022,Taylor Pendrith,32,"$2,330,840",987,21,71,16,3,0,69.7,316.1,57,70.7,1.766,55.9,4.042
2022,Harold Varner III,33,"$2,294,141",717,23,69,15,3,0,70,305.8,54.6,66.5,1.743,55,4.072
2022,Mackenzie Hughes,32,"$2,276,212",841,27,82,16,3,0,70.7,298,57.5,62.8,1.751,51.1,3.598
2023,Chez Reavie,42,"$2,264,759",464,32,96,18,2,0,70.8,288.4,65.8,68.5,1.786,48.5,3.469
2023,Gary Woodland,39,"$2,256,535",465,24,83,18,2,0,70.7,313.8,58.2,67.9,1.805,41.1,3.675
2022,Si Woo Kim,28,"$2,234,151",815,29,98,22,1,0,70.3,301.1,64,65.6,1.765,48.2,3.847
2022,Christiaan Bezuidenhout,29,"$2,233,289",957,24,80,19,1,0,70,291.6,62.4,66,1.754,64.7,3.538
2023,David Lingmerth,36,"$2,227,332",561,32,88,13,5,0,71.1,278.5,67,61,1.745,57.6,3.511
2023,Sam Stevens,27,"$2,208,792",736,35,106,21,3,0,70.3,310.6,55.8,67.5,1.76,51,3.679
2023,Michael Kim,30,"$2,206,882",563,32,97,17,4,0,70.2,305,58.6,68.2,1.776,56,3.588
2023,Davis Thompson,24,"$2,191,482",596,30,96,21,2,0,70,310.3,60.4,69.4,1.76,54.3,3.896
2022,Trey Mullinax,31,"$2,172,365",1181,28,82,14,3,1,70.1,317.2,54.9,66.7,1.75,53.3,4.037
2022,Emiliano Grillo,31,"$2,094,647",948,28,84,15,2,0,70.1,305.6,64.1,67.9,1.756,42.9,4.048
2022,Matt Kuchar,45,"$2,051,300",764,20,71,15,3,0,69.8,287.9,63.5,63.9,1.744,64.9,3.732
2022,Marc Leishman,40,"$2,015,561",787,23,72,16,3,0,70.1,307.1,55.9,66.4,1.743,50.4,3.958
2023,Joel Dahmen,36,"$1,996,174",519,31,92,18,5,0,70.6,296.1,63.1,67.1,1.776,54.7,3.576
2022,Gary Woodland,39,"$1,992,732",601,23,69,11,5,0,70.6,309.9,56.8,66.1,1.805,48.4,3.362
2022,Cam Davis,28,"$1,989,011",895,25,82,18,5,0,70.1,308.5,55.7,65.3,1.74,54.8,4
2022,Alex Noren,41,"$1,971,531",710,22,64,15,3,0,70,299.8,56.2,65.7,1.765,59,3.594
2022,Lucas Glover,44,"$1,941,796",1014,28,93,19,2,0,70.8,297.5,67.5,68.3,1.79,41.7,3.71
2022,Andrew Putnam,34,"$1,920,393",989,30,94,18,2,0,70,284.8,64.5,66.5,1.765,57.9,3.543
2023,Tyler Duncan,34,"$1,917,561",403,34,94,14,3,0,70.1,298.8,67.4,70.8,1.777,44.9,3.819
2022,Matt Jones,43,"$1,914,560",653,20,61,10,2,0,70.3,306.5,54.2,65.6,1.756,51.3,3.787
2023,Ben Taylor,31,"$1,912,677",592,35,106,18,4,0,70.9,304.1,50.4,64.8,1.767,48.4,3.585
2022,Chez Reavie,42,"$1,908,670",766,28,85,17,3,1,70.6,283.9,70.4,66.5,1.775,49.6,3.435
2022,Troy Merritt,38,"$1,906,304",777,26,91,20,2,0,70.3,292.2,64,63.3,1.739,49.7,3.659
2023,Christiaan Bezuidenhout,29,"$1,886,083",405,28,89,19,1,0,70.1,291.4,61.5,65.1,1.744,60.3,3.517
2023,Taylor Pendrith,32,"$1,880,027",379,32,99,19,4,0,70.4,310.4,55.6,69.5,1.783,48.6,3.747
2023,Billy Horschel,36,"$1,810,825",485,23,64,12,3,0,70.9,298.5,62.6,64.1,1.77,50,3.547
2023,Danny Willett,36,"$1,791,651",511,22,67,12,1,0,71.2,292.1,58,61.2,1.772,57.7,3.164
2023,Garrick Higgo,24,"$1,784,592",586,33,103,19,1,0,70.4,310.8,57.3,66.9,1.756,50.7,3.942
2023,Callum Tarren,33,"$1,780,943",474,35,99,15,2,0,70.6,312,50.7,67.7,1.76,43.1,3.788
2022,Abraham Ancer,32,"$1,777,504",510,18,58,13,3,0,70.2,297.1,70.5,66.9,1.745,48,3.845
2023,Scott Stallings,38,"$1,758,306",282,29,84,16,1,0,70.9,301.1,56.4,65.9,1.798,47.1,3.393
2023,Dylan Wu,27,"$1,757,267",509,33,106,21,2,0,69.8,298.2,60.4,70.4,1.754,55.5,4.028
2022,Taylor Moore,30,"$1,751,237",748,28,84,17,4,0,70.2,302,61.8,68.3,1.762,48.2,4.012
2023,Nate Lashley,40,"$1,749,031",455,32,107,21,3,0,69.8,297.4,60.7,69.7,1.742,47.6,4.056
2023,Robby Shelton,28,"$1,743,610",467,35,104,18,3,0,70.3,294.1,59.1,65.5,1.761,61,3.721
2022,Lanto Griffin,35,"$1,717,566",592,23,78,16,4,0,70.5,301.6,58.3,65.5,1.745,47.6,3.846
2022,Beau Hossler,28,"$1,716,430",593,23,70,13,2,0,71.1,309.3,52.1,63.5,1.756,49.1,3.471
2023,David Lipsky,35,"$1,716,258",450,35,103,19,2,0,70.5,292.7,63.2,67.5,1.771,46.1,3.728
2022,Hudson Swafford,36,"$1,714,926",640,21,64,11,1,1,70.8,307.4,60.8,66.8,1.759,52.4,4.031
2022,Joel Dahmen,36,"$1,712,942",524,26,85,18,3,0,70.4,292.1,67.9,67.9,1.768,46.5,3.835
2023,Carson Young,29,"$1,707,716",397,35,99,17,2,0,70.2,295.6,65.6,69.6,1.76,43.2,3.798
2022,Russell Knox,38,"$1,683,424",514,28,89,17,2,0,70.2,293.7,66.9,71.4,1.795,40.5,3.382
2022,Brendon Todd,38,"$1,659,052",607,25,83,17,2,0,70,279,69.3,65,1.751,52.9,3.759
2023,Kevin Streelman,45,"$1,636,664",505,31,96,17,2,0,70.7,297.3,59.8,66.6,1.792,49.4,3.427
2022,John Huh,33,"$1,631,948",612,26,74,14,2,0,70,292,66.4,66.8,1.734,54.4,3.973
2022,Alex Smalley,27,"$1,631,567",701,30,93,17,3,0,70.1,306.5,60.4,68.3,1.775,51.8,3.71
2023,Vincent Norrman,25,"$1,628,489",670,29,85,16,3,1,70,314.2,57.8,69,1.764,48.3,4
2023,Greyson Sigg,28,"$1,615,856",420,34,105,20,2,0,69.8,295.8,61.4,69.3,1.759,49.6,3.752
2023,Joseph Bramlett,35,"$1,597,911",489,26,80,15,3,0,70,312.4,51.9,68.3,1.756,53.8,3.888
2023,Harry Hall,26,"$1,564,358",499,34,102,19,3,0,70,299.8,54,66.4,1.726,56.7,4.069
2023,Will Zalatoris,27,"$1,474,780",244,8,0,6,1,0,0,0,0,0,0,0,0
2022,Wyndham Clark,29,"$1,544,055",662,30,97,21,3,0,70.3,319,52.6,65.2,1.769,55.5,3.732
2022,Matt NeSmith,30,"$1,539,142",576,28,92,19,2,0,70.5,298,63.7,68.5,1.787,43.8,3.598
2023,Chad Ramey,31,"$1,513,390",362,35,101,19,1,0,70.4,294.3,60.9,66.8,1.752,49.3,3.891
2023,Chesson Hadley,36,"$1,503,167",304,32,94,17,3,0,69.9,299.3,58.3,69.3,1.74,54.7,4.085
2022,Matthew Wolff,24,"$1,485,181",572,16,47,9,2,0,71.3,318.4,50,62.2,1.745,44.6,3.809
2022,Brandon Wu,26,"$1,472,515",586,26,74,11,4,0,70.3,295.3,62.1,69.2,1.765,48.9,3.743
2023,Matt Wallace,33,"$1,451,971",548,28,84,15,2,1,70.7,302.7,54.8,64.6,1.783,51.4,3.536
2023,Will Gordon,27,"$1,449,632",440,35,111,21,1,0,70.1,311.4,61.6,70.8,1.76,51.9,4.054
2023,Doug Ghim,27,"$1,437,263",345,31,93,16,0,0,69.9,297.7,67.8,71.5,1.781,48.9,3.806
2023,Tyson Alexander,35,"$1,433,633",425,35,95,14,2,0,71.1,299.5,53.3,63.9,1.766,53.5,3.611
2022,Justin Rose,43,"$1,426,994",458,18,54,12,2,0,70.3,299.5,61,64.9,1.723,46.3,3.907
2023,Justin Lower,34,"$1,426,711",430,37,109,19,3,0,70.3,294.2,59.4,66.6,1.74,55.6,3.982
2023,Trey Mullinax,31,"$1,413,549",291,27,71,10,2,0,71.5,311.8,48.9,63.5,1.799,46.1,3.549
2023,Ben Martin,36,"$1,379,841",387,34,103,18,3,0,70.1,293.9,62.5,68.2,1.743,50.3,4.01
2022,Lee Hodges,28,"$1,377,251",637,29,93,18,2,0,70.2,300.3,61.7,69.1,1.791,44.2,3.559
2023,Peter Malnati,36,"$1,369,804",354,35,95,14,2,0,70.8,295.2,51.6,62.8,1.747,54.8,3.758
2022,Adam Long,36,"$1,364,131",564,28,88,17,0,0,70,291.6,64.7,67.2,1.755,54.7,3.625
2022,Kevin Streelman,45,"$1,354,092",509,27,88,16,2,0,70.2,295.8,69.5,66.5,1.775,52.7,3.534
2022,Doug Ghim,27,"$1,347,458",385,29,84,15,1,0,70.7,295.6,64.2,66.5,1.796,50.5,3.286
2022,Aaron Rai,28,"$1,346,601",519,28,89,18,2,0,70.2,295.4,67.4,68.8,1.795,48.5,3.506
2022,Paul Casey,46,"$1,740,282",310,7,0,6,1,0,0,0,0,0,0,0,0
2022,Adam Schenk,31,"$1,339,523",542,32,90,14,3,0,71,304,56.3,64.4,1.782,39.4,3.422
2023,Aaron Baddeley,42,"$1,337,851",458,26,80,16,3,0,69.8,284.5,57.2,65.8,1.725,46.1,3.763
2023,Maverick McNealy,28,"$1,328,512",414,21,63,13,3,0,70,299.9,54.7,63.1,1.732,57.3,3.619
2022,Patrick Rodgers,31,"$1,327,382",517,27,85,16,3,0,70.3,309.3,51,68.2,1.781,47.7,3.365
2022,Brooks Koepka,33,"$1,317,085",412,16,46,9,2,0,70.8,311.9,53.4,63.2,1.763,50,3.826
2022,Daniel Berger,30,"$1,769,539",529,12,0,9,3,0,0,0,0,0,0,0,0
2022,C.T. Pan,32,"$1,313,259",473,24,82,16,2,0,70.5,296.7,62.3,66.5,1.762,59.7,3.671
2022,Hayden Buckley,27,"$1,303,036",474,30,91,16,2,0,70.4,300.1,67.5,69.5,1.79,48.8,3.571
2023,Troy Merritt,38,"$1,302,362",273,34,92,14,3,0,70.7,293.4,65.8,65.3,1.776,49.6,3.761
2022,Stephan Jaeger,34,"$1,289,503",518,31,85,14,2,0,70.4,293,57,63.5,1.735,51,3.741
2022,Peter Malnati,36,"$1,288,197",501,31,103,20,2,0,70.4,297.1,55.2,64.3,1.727,50,3.932
2022,Chad Ramey,31,"$1,281,224",568,28,73,11,2,1,70.7,288.9,64.9,65.9,1.755,44,3.836
2023,C.T. Pan,32,"$1,272,421",308,19,54,9,3,0,69.7,296.6,61.4,70.5,1.782,50.8,3.667
2022,David Lipsky,35,"$1,269,468",543,29,88,16,3,0,70.3,295.2,65.2,68.1,1.759,49.6,3.648
2022,Danny Lee,33,"$1,265,934",490,22,52,7,3,0,70.9,297.8,55.4,61.9,1.725,49.1,3.904
2023,Martin Laird,40,"$1,258,725",391,31,88,15,1,0,70.4,292.4,65.8,69.6,1.778,48.5,3.761
2022,Sam Ryder,33,"$1,257,416",439,30,88,15,3,0,70.5,294,59.7,65.7,1.746,42.1,3.739
2023,Ryan Palmer,47,"$1,244,899",193,29,79,12,3,0,70.2,301.2,61.9,67.9,1.758,49.2,3.949
2023,Ryan Moore,40,"$1,234,755",201,30,83,12,3,0,69.8,287,70.1,69.4,1.751,56.6,3.831
2023,Kevin Yu,24,"$1,232,379",445,23,71,12,3,0,69.6,311.3,61.5,72.6,1.77,41,4.211
2023,Camilo Villegas,41,"$1,951,764",14,13,0,6,2,1,0,0,0,0,0,0,0
2022,Adam Svensson,29,"$1,209,000",511,31,100,20,3,0,70.2,293.4,64.1,67.4,1.745,47.7,4.04
2022,Chesson Hadley,36,"$1,195,172",404,29,80,13,4,0,70.7,301.8,55.4,65.3,1.764,51.6,3.725
2022,Dylan Frittelli,33,"$1,194,625",554,28,93,18,1,0,70.7,304.1,50.5,64.6,1.767,46.2,3.559
2023,Lucas Herbert,27,"$1,192,273",199,20,62,13,1,0,70.6,304.5,55.8,62.1,1.724,43,3.871
2022,James Hahn,42,"$1,183,254",418,26,71,12,3,0,70.3,302.8,61.5,65.8,1.772,52.7,3.394
2022,Mark Hubbard,34,"$1,179,782",508,22,68,15,2,0,69.5,288.3,62.8,68.3,1.742,53.8,3.75
2023,Andrew Novak,28,"$1,173,140",424,30,95,19,2,0,70.1,299.7,58.4,67.1,1.783,49.7,3.695
2022,Ryan Palmer,47,"$1,167,801",545,22,67,12,1,0,70.6,305.6,56.8,66.7,1.794,49.5,3.522
2023,Carl Yuan,26,"$1,167,050",199,30,84,14,2,0,70.5,306.8,54.3,67.3,1.753,55.9,4.024
2023,Patton Kizzire,37,"$1,161,610",303,33,100,18,2,0,70.2,300.8,57.9,66.7,1.75,51.4,3.99
2023,Henrik Norlander,36,"$1,158,809",229,32,91,15,1,0,70.5,292.3,62.1,69.1,1.801,51.2,3.462
2022,Michael Thompson,38,"$1,148,272",487,26,84,17,2,0,70.3,287.9,65.9,64.1,1.737,61.7,3.762
2022,Robert Streb,36,"$1,120,076",413,30,83,13,3,0,70.4,300.4,59.6,64.3,1.777,48.4,3.313
2023,Jimmy Walker,44,"$1,111,220",294,31,86,12,0,0,70.9,307.2,52.3,64.1,1.786,48.6,3.558
2023,Cameron Champ,28,"$1,103,852",219,29,78,12,3,0,70.6,317.9,59.9,69.3,1.783,40.8,3.833
2023,Zecheng Dou,26,"$1,099,906",299,33,97,18,1,0,70.5,302.6,54.5,67.6,1.765,36.2,3.918
2022,Jhonattan Vegas,39,"$1,097,633",428,22,77,16,1,0,70.2,315.7,55.4,68.1,1.766,48.2,3.688
2022,Martin Laird,40,"$1,094,313",442,22,66,14,1,0,70.3,298,68.2,68.8,1.797,50,3.439
2022,Carlos Ortiz,32,"$1,087,463",414,20,61,10,1,0,70.8,303.4,56.9,63.4,1.728,41.7,3.77
2022,Jason Day,36,"$1,086,460",385,19,57,11,2,0,70.3,301.6,61.2,64.7,1.738,47.1,3.912
2022,Rickie Fowler,34,"$1,072,929",340,22,71,13,1,0,71,309.4,57.9,62.2,1.769,49.6,3.451
2022,Pat Perez,47,"$1,071,981",345,19,62,12,2,0,70.5,287.2,59.1,64.2,1.743,56,3.774
2023,Matti Schmid,26,"$1,064,025",206,30,79,11,2,0,70.6,314.1,59.9,68.6,1.766,47.2,3.987
2022,Webb Simpson,38,"$1,041,955",346,20,59,12,1,0,70.2,300.6,64.6,64.6,1.735,52.9,3.78
2022,Vince Whaley,28,"$1,039,817",438,29,85,16,2,0,70.1,302,51.6,63.8,1.706,51.2,4.141
2023,Nico Echavarria,29,"$1,035,131",417,31,78,8,1,1,70.8,299.4,59.7,65.7,1.774,47.1,3.41
2022,Callum Tarren,33,"$1,034,362",405,26,69,11,3,0,70.4,312.4,51.8,66.9,1.77,46.6,3.739
2022,Scott Piercy,45,"$1,030,752",410,28,77,13,1,0,70.5,295.8,56.7,62.6,1.738,50,3.675
2022,Stewart Cink,50,"$1,026,158",376,25,77,13,2,0,70.7,306.2,59.8,68.3,1.772,51,3.662
2022,Charles Howell III,44,"$1,026,002",400,16,54,11,1,0,69.7,304.1,61.8,71,1.758,60,4.185
2023,Kramer Hickok,31,"$1,017,832",236,34,97,16,0,0,70.4,296.7,63.4,68.6,1.79,52.9,3.454
2022,Nick Watney,42,"$1,012,572",387,30,76,10,1,0,71.7,301.2,53.7,66.8,1.806,46.6,3.263
2022,Max McGreevy,28,"$999,625",404,28,72,9,2,0,71,289.8,63.6,63.6,1.756,42.1,3.625
2023,Charley Hoffman,46,"$994,186",246,31,81,12,0,0,70.3,306.1,55.7,68.4,1.797,52,3.679
2022,Patton Kizzire,37,"$985,293",351,29,90,17,1,0,70.5,303.7,55.9,65.6,1.767,51.9,3.722
2022,Nate Lashley,40,"$976,895",427,25,76,13,1,0,70,295.2,63.6,67.7,1.733,45.1,4.039
2023,Austin Smotherman,29,"$957,049",293,35,100,17,1,0,70.4,300.4,62.6,66.4,1.758,45.7,3.94
2022,Matthias Schwab,28,"$955,840",353,23,70,14,3,0,70.2,293.8,59.4,68.7,1.771,58.3,3.657
2022,Cameron Champ,28,"$940,458",288,19,56,8,2,0,71.3,321.4,57.8,67.2,1.793,39.3,3.732
2022,Erik van Rooyen,33,"$927,524",269,17,48,9,1,0,71,299.4,61.4,65,1.763,36.7,3.625
2022,Kevin Tway,35,"$927,182",361,30,77,11,1,0,70.8,310.2,50.8,64.8,1.772,55.2,3.403
2022,Tom Kim,21,"$2,824,580",1154,11,0,10,3,1,0,0,0,0,0,0,0
2022,Matt Wallace,33,"$918,351",316,21,56,8,2,0,71,303.7,59,66,1.792,45.7,3.571
2022,Danny Willett,36,"$914,293",304,21,62,11,1,0,70.9,297.2,61.5,64.5,1.792,50.7,3.468
2023,Webb Simpson,38,"$908,929",252,19,57,9,2,0,71,299.6,62.2,63.5,1.742,48.3,3.491
2022,Tyler Duncan,34,"$890,879",436,27,82,15,0,0,69.9,295.1,68.9,67.7,1.754,51,3.817
2023,Adam Long,36,"$884,088",222,38,113,19,0,0,70.4,290.9,67.3,66.3,1.741,50,3.69
2022,Greyson Sigg,28,"$884,085",415,30,90,18,1,0,70.2,294.9,62.9,68.1,1.765,47.3,3.667
2022,Kramer Hickok,31,"$881,229",328,31,91,14,1,0,70.7,294.5,65.8,65.9,1.785,54.3,3.374
2023,Scott Piercy,45,"$861,981",280,36,99,17,0,0,70.2,293.3,60.3,65.2,1.738,47.9,3.99
2022,Doc Redman,25,"$849,809",304,28,79,13,1,0,70.7,294.8,60.2,67.3,1.777,47.3,3.608
2023,Matthias Schwab,28,"$847,328",204,37,103,16,2,0,71,294,61.5,65.6,1.782,48.1,3.359
2023,Harrison Endycott,27,"$840,303",282,33,89,13,1,0,70.7,293.2,62.4,66.2,1.779,49,3.674
2022,Harry Higgs,31,"$834,333",272,30,80,13,1,0,71.2,301.8,55.5,61.4,1.775,50,3.15
2022,Nick Taylor,35,"$832,637",334,28,88,16,0,0,70.7,296.1,58.3,65.2,1.773,52.3,3.489
2023,MJ Daffue,34,"$830,919",330,35,103,19,0,0,70.5,310.5,58.5,67,1.779,51.5,4.029
2022,Nick Hardy,27,"$820,728",288,21,59,11,1,0,70.3,305.7,57.7,68.7,1.759,44.6,3.797
2022,Francesco Molinari,41,"$816,460",272,17,53,10,1,0,71,295.4,61.2,63.4,1.762,51.3,3.717
2023,Kevin Tway,35,"$815,058",207,38,101,14,0,0,70.3,308.1,52.6,67.9,1.787,46.4,3.396
2023,Zach Johnson,47,"$807,499",196,22,68,13,0,0,71,290.1,65.9,65.8,1.784,41.3,3.162
2022,Austin Smotherman,29,"$770,827",315,25,77,16,1,0,70.5,304.6,63.1,68.5,1.776,41.9,3.753
2023,Paul Haley II,35,"$755,188",259,35,92,13,1,0,71.2,284.1,65.8,64.8,1.772,52.8,3.424
2023,Stewart Cink,50,"$743,246",156,27,80,13,1,0,70.5,305.5,52.7,66,1.754,42,3.738
2022,Martin Trainer,32,"$726,985",270,31,78,11,2,0,71.2,305.5,54.1,63.5,1.762,39.3,3.564
2023,Kelly Kraft,35,"$722,098",103,32,90,15,0,0,70.5,287.3,66.7,67,1.752,47.8,3.667
2023,Harry Higgs,31,"$718,748",274,31,84,13,1,0,70.9,301.6,53.9,64.7,1.728,51.1,3.833
2022,Brian Stuard,40,"$705,260",285,34,89,12,2,0,70.8,277.4,71.3,65,1.777,45,3.292
2022,Justin Lower,34,"$700,545",311,24,72,14,2,0,70.4,294.2,60.3,67.4,1.749,44,3.875
2023,Satoshi Kodaira,34,"$699,577",120,20,63,12,0,0,70.1,287.1,71,69.1,1.778,54.3,3.968
2023,Russell Knox,38,"$692,454",219,37,114,23,0,0,70.4,285.3,62.7,71.7,1.799,48.1,3.535
2023,Dylan Frittelli,33,"$683,295",180,35,78,7,0,0,71.8,303.2,47,59.6,1.768,38.9,3.372
2022,Kelly Kraft,35,"$680,946",289,27,69,11,0,0,70.6,289.3,66.6,63.4,1.744,46,3.681
2022,Garrick Higgo,24,"$667,305",229,22,58,8,1,0,72,305,57,63.8,1.785,36.7,3.552
2022,Michael Gligic,34,"$652,204",283,24,71,15,1,0,70.5,301.2,59.4,67.3,1.77,49.1,3.69
2023,Austin Cook,32,"$647,085",140,33,85,12,1,0,70.6,282.3,65.3,65.2,1.759,54.3,3.659
2023,Cody Gribble,33,"$640,107",209,23,70,14,2,0,70.5,299.9,60.5,67.5,1.78,47.9,3.814
2022,Rory Sabbatini,47,"$628,043",244,18,55,10,1,0,70.1,290,61.3,63.9,1.736,49,3.818
2023,Richy Werenski,31,"$617,783",217,37,99,14,0,0,71,300.5,58.4,62.8,1.731,53.5,3.747
2022,Henrik Norlander,36,"$613,966",235,27,72,12,1,0,70.7,291,62.3,68.1,1.788,51.6,3.361
2022,Zach Johnson,47,"$610,693",246,23,64,10,0,0,70.9,287.1,63.6,64.6,1.763,55.9,3.422
2023,Ryan Brehm,37,"$596,227",155,34,86,9,0,0,71.5,308.1,49,64.5,1.79,46.9,3.395
2023,Tano Goya,35,"$595,760",175,30,90,18,0,0,70.1,303.1,61.6,68.7,1.764,55.7,4.211
2023,Doc Redman,25,"$595,132",181,31,78,10,1,0,70.7,293.5,62.2,69.9,1.79,51.4,3.782
2022,Hank Lebioda,29,"$588,984",241,29,80,13,0,0,70.5,294.2,62.1,65.6,1.776,45.1,3.65
2022,Brice Garnett,40,"$579,670",228,29,77,12,1,0,70.6,293.7,67.3,67.2,1.8,49.1,3.468
2023,James Hahn,42,"$576,584",164,27,80,14,1,0,70.9,298.9,64.6,68.3,1.78,31.7,3.575
2022,Cameron Percy,49,"$576,053",240,17,44,8,3,0,70.2,292.3,61.4,66.8,1.756,55.6,3.795
2023,Cameron Percy,49,"$574,605",199,23,67,12,0,0,70.5,289.3,63.5,69.4,1.802,48.4,3.403
2022,Jonathan Byrd,45,"$558,025",223,20,57,10,1,0,70.4,292.9,61.3,66.2,1.778,52.4,3.491
2022,Charley Hoffman,46,"$554,475",207,25,69,13,1,0,70.9,309.6,50.3,65.2,1.772,50,3.71
2022,Austin Cook,32,"$552,226",213,25,69,12,0,0,70.8,285.5,67,64,1.765,50.5,3.478
2023,Ryan Armour,47,"$539,788",191,33,92,14,0,0,70.7,283.6,71.1,69.1,1.776,44.4,3.5
2022,Ian Poulter,47,"$537,169",179,16,44,9,0,0,70.9,295.6,62.1,62.2,1.771,54.7,3.614
2023,Jason Dufner,46,"$525,090",146,33,91,13,0,0,70.9,299.1,58,68.6,1.792,49.5,3.681
2023,Lanto Griffin,35,"$514,634",85,19,57,10,0,0,70.8,302.3,63.6,68.5,1.801,56.1,3.421
2022,Andrew Novak,28,"$513,881",233,26,76,12,0,0,70.6,297.1,56.3,65.1,1.781,48.5,3.592
2023,Martin Trainer,32,"$509,265",139,24,63,10,1,0,71,302.2,56.4,65.2,1.765,42,3.968
2023,Trevor Cone,31,"$494,936",174,30,82,13,1,0,71,314,53.6,69.6,1.802,50.4,3.78
2023,Brice Garnett,40,"$492,959",173,28,86,16,1,0,70.4,288.7,64.6,70.5,1.764,50,3.686
2023,Sean O'Hair,41,"$489,032",185,21,52,7,1,0,70.6,293.3,62.4,66.6,1.777,58.4,3.808
2023,Kevin Roy,33,"$478,670",143,31,76,9,1,0,70.5,303.4,58.4,68.5,1.781,46.5,3.868
2023,S.Y. Noh,32,"$468,487",184,23,68,15,0,0,70.6,303.7,52.6,66.7,1.734,52.3,3.882
2022,Bill Haas,41,"$466,497",194,31,90,17,0,0,70.5,300.5,55.8,64.7,1.787,54.3,3.422
2023,Brent Grant,27,"$466,212",158,33,84,12,1,0,71.1,311.2,63.6,68.4,1.8,48.7,3.869
2023,Chris Stroud,41,"$449,238",155,22,57,8,1,0,70.5,289.2,60.3,68.7,1.79,53.4,3.526
2022,Satoshi Kodaira,34,"$443,970",197,17,51,9,0,0,70.3,286.5,71.9,67,1.748,47.5,3.863
2022,Paul Barjon,31,"$436,732",168,26,71,11,1,0,71,309.4,58.8,65.5,1.765,36.4,3.676
2023,Max McGreevy,28,"$422,905",142,37,92,10,1,0,71.6,290.2,59.2,63.6,1.775,53.8,3.337
2022,Ryan Armour,47,"$412,318",186,19,50,8,0,0,70.5,286.3,74,67.6,1.793,64,3.2
2022,Luke Donald,45,"$410,042",170,22,67,11,0,0,70.5,286.5,57,65.2,1.752,57.4,3.657
2022,Joseph Bramlett,35,"$409,468",162,29,81,14,0,0,70.9,318.3,52.4,68.9,1.805,36.9,3.667
2023,Robert Streb,36,"$402,060",145,33,81,10,0,0,70.6,297.6,57,66.5,1.777,42.6,3.42
2022,Roger Sloan,36,"$388,678",151,29,73,9,0,0,71.1,296.2,58,63.5,1.749,40.5,3.781
2023,Hank Lebioda,29,"$382,836",89,24,61,7,0,0,71.5,297.6,58.7,67.6,1.805,48.9,3.262
2023,Augusto Núñez,31,"$382,748",149,32,85,13,0,0,70.8,310,56.4,68.5,1.823,48,3.506
2022,Dylan Wu,27,"$382,717",175,25,67,10,1,0,71,296.5,58.9,66.6,1.801,40.9,3.343
2022,Seth Reeves,32,"$376,574",152,26,67,9,1,0,71.1,309.4,59.9,66.3,1.755,40.2,3.866
2023,Jim Herman,46,"$372,745",95,29,77,12,0,0,71.5,290,65.9,67.5,1.834,39.6,3.286
2023,Kevin Chappell,37,"$362,455",138,21,56,9,0,0,70.5,302,55.4,68.1,1.761,48.7,3.589
2022,Sung Kang,36,"$359,397",163,31,80,12,0,0,71,293.9,60.9,66,1.767,55.7,3.775
2022,Vaughn Taylor,47,"$358,473",158,20,53,10,1,0,70.2,284.7,68.1,66.6,1.769,56.1,3.774
2022,Richy Werenski,31,"$354,791",163,26,63,8,0,0,71.6,294.9,56.1,62.8,1.751,42,3.651
2022,Brandt Snedeker,42,"$352,198",141,22,59,8,0,0,71.1,287.1,62.1,66.2,1.795,47,3.356
2022,Scott Gutschewski,47,"$351,321",158,23,56,7,1,0,70.7,296.9,58.8,68.5,1.778,50,3.518
2022,Chase Seiffert,32,"$343,305",173,19,51,9,0,0,70.8,289.7,63.4,66,1.802,46.6,3.392
2022,Curtis Thompson,30,"$338,509",136,27,64,8,1,0,71.1,309.2,53.3,63.1,1.784,50,3.453
2022,Kevin Chappell,37,"$332,336",139,20,55,10,0,0,71.1,310.1,51.8,66.5,1.755,43.2,3.8
2023,Jonathan Byrd,45,"$322,026",125,24,60,6,0,0,70.8,289.3,61.3,65.2,1.791,43.7,3.433
2022,Camilo Villegas,41,"$318,554",127,26,69,11,0,0,71.2,290.9,58.2,65.6,1.761,42.9,3.478
2022,Ben Kohles,33,"$309,955",146,24,63,10,0,0,70.7,287.3,60.7,67.5,1.742,42.4,3.857
2023,Trevor Werbylo,24,"$309,436",111,31,83,14,0,0,71.3,305.7,51.4,64.1,1.794,51,3.349
2023,Kyle Westmoreland,32,"$308,365",95,32,79,10,0,0,71.2,313.5,47.6,66.5,1.792,45.1,3.608
2022,Jim Knous,31,"$307,059",125,19,51,9,0,0,70.9,299,55.7,63.2,1.767,45.6,3.784
2023,Scott Harrington,43,"$300,546",107,31,80,10,0,0,71.1,308.1,52.7,66.4,1.773,54.2,3.888
2022,Kiradech Aphibarnrat,34,"$299,174",122,19,53,9,0,0,70.9,293,65.4,63.9,1.746,52.7,3.642
2023,Wesley Bryan,33,"$297,461",104,19,48,7,1,0,70.8,299.6,54,64.9,1.774,50.7,3.896
2023,Brian Stuard,40,"$296,420",90,29,73,9,0,0,71.2,271.5,64.7,62.4,1.737,54.7,3.411
2023,Sung Kang,36,"$292,639",98,19,49,7,0,0,71.2,289,52.1,67.2,1.752,61.4,3.633
2022,S.Y. Noh,32,"$291,033",128,22,63,13,0,0,70.7,299.2,50.3,67.1,1.76,52.1,3.873
2023,William McGirt,44,"$281,110",86,19,53,10,0,0,70.6,280,65.7,65.8,1.756,60.3,3.566
2023,Brandon Matthews,29,"$265,711",101,28,59,5,1,0,72.2,321.3,47.4,64.4,1.814,34,3.458
2023,Andrew Landry,36,"$263,815",49,29,80,13,0,0,71.4,288.4,64.2,64,1.777,52.9,3.35
2023,Nick Watney,42,"$263,725",96,32,76,7,0,0,72,295.8,48.5,63.5,1.788,47.6,3.25
2022,Brandon Hagy,32,"$261,376",106,31,78,11,0,0,71.4,317.9,48.2,62.5,1.786,52,3.718
2022,David Skinns,41,"$243,143",94,23,66,10,0,0,71.1,301.8,51.1,64.1,1.746,48.4,3.773
2022,Bo Hoag,35,"$215,072",98,20,49,7,0,0,71.4,294.9,60.1,65.4,1.797,39.7,3.204
2022,Wesley Bryan,33,"$214,572",90,19,49,7,0,0,71.4,297.2,51.8,61,1.753,58.2,3.449
2022,Jim Herman,46,"$202,105",76,19,51,7,1,0,71.1,291.8,68.3,67.6,1.815,42.3,3.216
2022,Jared Wolfe,35,"$189,112",81,23,59,7,0,0,70.8,309.6,55.7,68.6,1.809,44.9,3.492
2022,Dawie van der Walt,40,"$184,972",78,25,62,7,0,0,71.5,298.2,59.5,63.8,1.785,30.3,3.565
2023,Michael Gligic,34,"$169,449",63,32,73,7,0,0,71.8,304.6,52.6,64.2,1.807,39.8,3.11
2022,Jonas Blixt,39,"$135,079",50,21,50,5,0,0,72,296.6,58.8,58.8,1.762,43.9,3.32
2022,Brett Drewitt,32,"$121,307",42,23,58,7,0,0,71.5,295.9,56.4,64.7,1.8,45.7,3.259
2022,Jason Dufner,46,"$118,175",59,22,50,6,0,0,71.8,292.1,59.4,64.1,1.787,42.5,3.38
2022,Joshua Creel,33,"$115,976",48,22,47,4,0,0,71.8,284.6,63.6,60.4,1.781,56.1,3.191